Workbook

Sheet Test Case
A1: ID | B1: UC | C1: Tiêu đề | D1: Loại | E1: Kỹ thuật | F1: Truy vết (UC Spec / API) | G1: Ưu tiên | H1: Pre-condition | I1: Dữ liệu test | J1: Expected result | K1: Actual result | L1: Pass/Fail | M1: Ảnh bằng chứng | N1: Ghi chú / giả định
A2: TC-01-01 | B2: UC01 | C2: Tạo order và gửi bếp thành công | D2: Happy path | E2: Functional (main flow) | F2: SD Tạo order (msg 2–25); api-contract §3 UC01 (POST /orders); UC01 main flow | G2: Cao | H2: Đã nạp lại schema.sql rồi seed.sql; đã đăng nhập phucvu01. ban-01 (B01) đang TRONG. | I2: banId = ban-01 (B01) mon-02 (Cà phê sữa) x2, ghi chú "ít đá" mon-04 (Trà đào) x1 | J2: HTTP 201, success=true. data: trangThai=DANG_PHUC_VU; tongTien = 2×30.000 + 40.000 = 100.000; isSynced=true; mỗi món có chiTietId, donGia đúng, trangThaiCheBien=CHO_PHA_CHE; ghi chú "ít đá" được lưu. Bàn chuyển DANG_PHUC_VU. CSDL có 1 don_hang và 2 chi_tiet_don tương ứng. | K2: HTTP 201, success=true. data: trangThai=DANG_PHUC_VU; tongTien = 2×30.000 + 40.000 = 100.000; isSynced=true; mỗi món có chiTietId, donGia đúng, trangThaiCheBien=CHO_PHA_CHE; ghi chú "ít đá" được lưu. Bàn chuyển DANG_PHUC_VU. CSDL có 1 don_hang và 2 chi_tiet_don tương ứng. | L2: Pass | M2: KQ-test\TC-01-01.png
A3: TC-01-02 | B3: UC01 | C3: Số lượng = 1 (biên dưới hợp lệ) | D3: Boundary | E3: BVA (biên dưới = 1) | F3: SD Tạo order (msg 2–25); api-contract §3 UC01 (POST /orders); BPC T3 (số lượng 1–99) | G3: Cao | H3: Đã nạp lại schema.sql rồi seed.sql; đã đăng nhập phucvu01. ban-01 (B01) đang TRONG. | I3: banId = ban-01 (B01); mon-02 (Cà phê sữa) soLuong = 1 | J3: HTTP 201; chi tiết món soLuong=1; tongTien = 30.000; bàn chuyển DANG_PHUC_VU. | K3: HTTP 201; chi tiết món soLuong=1; tongTien = 30.000; bàn chuyển DANG_PHUC_VU. | L3: Pass | M3: KQ-test\TC-01-02.png
A4: TC-01-03 | B4: UC01 | C4: Số lượng = 99 (biên trên hợp lệ) | D4: Boundary | E4: BVA (biên trên = 99) | F4: SD Tạo order (msg 2–25); api-contract §3 UC01 (POST /orders); BPC T3 (số lượng 1–99) | G4: Cao | H4: Đã nạp lại schema.sql rồi seed.sql; đã đăng nhập phucvu01. ban-01 (B01) đang TRONG. | I4: banId = ban-01 (B01); mon-02 (Cà phê sữa) soLuong = 99 | J4: HTTP 201; soLuong=99; tongTien = 99×30.000 = 2.970.000; bàn chuyển DANG_PHUC_VU. | K4: HTTP 201; soLuong=99; tongTien = 99×30.000 = 2.970.000; bàn chuyển DANG_PHUC_VU. | L4: Pass | M4: KQ-test\TC-01-03.png
A5: TC-01-04 | B5: UC01 | C5: Số lượng = 0 | D5: Negative | E5: EP (invalid class: số lượng < 1) | F5: SD Tạo order (msg 2–25); api-contract §3 UC01 (POST /orders); mã lỗi SO_LUONG_KHONG_HOP_LE | G5: Cao | H5: Đã nạp lại schema.sql rồi seed.sql; đã đăng nhập phucvu01. ban-01 (B01) đang TRONG. | I5: banId = ban-01 (B01); mon-02 (Cà phê sữa) soLuong = 0 | J5: Giao diện không cho gửi hoặc báo lỗi số lượng. API: HTTP 400, maLoi=SO_LUONG_KHONG_HOP_LE. Không tạo don_hang; bàn vẫn TRONG. | K5: Giao diện chỉ có cho số lượng 1 ấn dấu - số lượng không bị thay đổi | L5: Pass
A6: TC-01-05 | B6: UC01 | C6: Số lượng âm (-1) | D6: Negative | E6: EP (invalid class: số lượng âm) | F6: SD Tạo order (msg 2–25); api-contract §3 UC01 (POST /orders); mã lỗi SO_LUONG_KHONG_HOP_LE | G6: Cao | H6: Đã nạp lại schema.sql rồi seed.sql; đã đăng nhập phucvu01. ban-01 (B01) đang TRONG. | I6: banId = ban-01 (B01); mon-02 (Cà phê sữa) soLuong = -1 | J6: Giao diện không cho gửi hoặc báo lỗi. API: HTTP 400, maLoi=SO_LUONG_KHONG_HOP_LE. Không tạo don_hang; bàn vẫn TRONG. | K6: Giao diện chỉ có cho số lượng 1 ấn dấu - số lượng không bị thay đổi | L6: Pass
A7: TC-01-06 | B7: UC01 | C7: Số lượng = 100 (vượt biên trên), kiểm tra ở server | D7: Boundary | E7: BVA (ngay trên biên 99) | F7: SD Tạo order (msg 2–25); api-contract §3 UC01 (POST /orders); BPC T3 (từ chối ở server, không chỉ giao diện) | G7: Cao | H7: Đã nạp lại schema.sql rồi seed.sql; đã đăng nhập phucvu01. ban-01 (B01) đang TRONG. | I7: banId = ban-01 (B01); mon-02 (Cà phê sữa) soLuong = 100 | J7: API: HTTP 400, maLoi=SO_LUONG_KHONG_HOP_LE. Không tạo don_hang; bàn vẫn TRONG. | K7: Giao diện chỉ có cho số lượng 100 ấn dấu + số lượng không bị thay đổi | L7: Pass
A8: TC-01-07 | B8: UC01 | C8: Gọi món đã hết nguyên liệu (TAM_HET) | D8: Alternative flow | E8: Black-box theo UC Spec (EF: món hết nguyên liệu) | F8: SD Tạo order (msg 2–25); api-contract §3 UC01 (POST /orders); BPC T3, H3 | G8: Cao | H8: Đã nạp lại schema.sql rồi seed.sql; đã đăng nhập phucvu01. ban-01 (B01) đang TRONG; mon-03 (Bạc xỉu) ở trạng thái TAM_HET. | I8: banId = ban-01 (B01); mon-03 (Bạc xỉu) soLuong = 1 | J8: Giao diện: món hiện xám, không chọn được. API: HTTP 409, maLoi=MON_TAM_HET, message dạng "Món … đã hết nguyên liệu" (có tên món). Không tạo đơn; bàn vẫn TRONG. | K8: Giao diện: món hiện xám, không chọn được. message: bạc xĩu đã hết nguyên liệu và bàn vẫn trống | L8: Pass | M8: KQ-test\TC-01-07.png | N8: Cần món TAM_HET trong seed [X05].
A9: TC-01-08 | B9: UC01 | C9: Gọi món ở bàn đang CAN_DON | D9: Alternative flow | E9: Black-box theo UC Spec (EF: bàn không hợp lệ) | F9: SD Tạo order (msg 2–25); api-contract §3 UC01 (POST /orders); BPC T3, H3 | G9: Cao | H9: Đã nạp lại schema.sql rồi seed.sql; đã đăng nhập phucvu01. ban-05 (B05) đang CAN_DON. | I9: banId = ban-05 (B05); mon-02 (Cà phê sữa) soLuong = 1 | J9: Giao diện: bàn CAN_DON không bấm gọi món được. API: HTTP 409, maLoi=BAN_CAN_DON. Không tạo đơn; trạng thái bàn giữ nguyên. | K9: bàn cân dọn không gọi món được, hiện message cần dọn bàn | L9: Pass | M9: KQ-test\TC-01-08.png
A10: TC-01-09 | B10: UC01 | C10: Tạo order mới cho bàn đang có đơn | D10: Alternative flow | E10: Black-box theo UC Spec (đề xuất contract §4) | F10: api-contract §4 điểm 1 (BAN_DA_CO_DON) | G10: Trung | H10: Đã nạp lại schema.sql rồi seed.sql; đã đăng nhập phucvu01. ban-03 (B03) đang DANG_PHUC_VU và đã có đơn dh-001. | I10: banId = ban-03 (B03); mon-02 (Cà phê sữa) soLuong = 1 | J10: HTTP 409, maLoi=BAN_DA_CO_DON. Không tạo đơn thứ hai; số don_hang của bàn vẫn là 1. | K10: Khi bàn đang phục vụ thì màn hình tạo hóa đơn chỉ có gọi thêm chứ không còn tạo thêm đơn nữa | L10: Pass | N10: Đề xuất của Tuấn trong contract, chưa chốt [X01]. Nếu chốt khác thì sửa Expected.
A11: TC-01-10 | B11: UC01 | C11: Gửi order khi giỏ hàng rỗng | D11: Negative | E11: EP (invalid class: danh sách món rỗng) | F11: SD Tạo order (msg 2–25); api-contract §3 UC01 (POST /orders); mã lỗi DS_MON_RONG | G11: Thấp | H11: Đã nạp lại schema.sql rồi seed.sql; đã đăng nhập phucvu01. ban-01 (B01) đang TRONG. | I11: banId = ban-01 (B01); dsMon = [] | J11: HTTP 400, maLoi=DS_MON_RONG. Không tạo đơn; bàn vẫn TRONG. | K11: Hệ thống báo lỗi chưa chọn món nào | L11: Pass | M11: KQ-test\TC-01-10.png
A12: TC-04-01 | B12: UC04 | C12: Gọi thêm món vào đơn đang phục vụ | D12: Happy path | E12: Functional (main flow) | F12: CD_CapNhat (themMon/suaMon/huyMon); api-contract §3 UC04 (POST /orders/:id/items) | G12: Cao | H12: Đã nạp lại schema.sql rồi seed.sql; đã đăng nhập phucvu01; đơn dh-001 của ban-03 (B03) đang DANG_PHUC_VU, tổng 85.000: ct-001 (Cà phê sữa x2, DANG_LAM), ct-002 (Cà phê đen x1, CHO_PHA_CHE). Tổng tiền hiện tại = 85.000. | I12: mon-04 (Trà đào) x1, ghi chú "không đường" | J12: HTTP 200. dsMon gồm các món cũ (giữ nguyên trạng thái) và 1 món mới CHO_PHA_CHE; tongTien = 85.000 + 40.000 = 125.000. Chỉ món mới được gửi xuống bếp (bếp không có bản sao của món cũ). | K12: HTTP 200. dsMon gồm các món cũ (giữ nguyên trạng thái) và 1 món mới CHO_PHA_CHE; tongTien = 85.000 + 40.000 = 125.000. Chỉ món mới được gửi xuống bếp (bếp không có bản sao của món cũ). | L12: pass | M12: KQ-test\TC-04-01.png
A13: TC-04-02 | B13: UC04 | C13: Sửa số lượng món đang CHO_PHA_CHE | D13: Happy path | E13: Functional (main flow) | F13: CD_CapNhat (themMon/suaMon/huyMon); api-contract §3 UC04 (PATCH /orders/:id/items/:chiTietId) | G13: Cao | H13: Đã nạp lại schema.sql rồi seed.sql; đã đăng nhập phucvu01; đơn dh-001 của ban-03 (B03) đang DANG_PHUC_VU, tổng 85.000: ct-001 (Cà phê sữa x2, DANG_LAM), ct-002 (Cà phê đen x1, CHO_PHA_CHE). | I13: ct-002 (Cà phê đen): số lượng 1 → 3 | J13: HTTP 200. soLuong=3; tongTien = 85.000 + 2×25.000 = 135.000; món vẫn CHO_PHA_CHE. | K13: HTTP 200. soLuong=3; tongTien = 85.000 + 4×40.000 = 245000; món vẫn CHO_PHA_CHE. | L13: Pass | M13: KQ-test\TC-04-02.png
A14: TC-04-03 | B14: UC04 | C14: Hủy món đang CHO_PHA_CHE | D14: Happy path | E14: Functional (main flow) | F14: CD_CapNhat (themMon/suaMon/huyMon); api-contract §3 UC04 (DELETE /orders/:id/items/:chiTietId) | G14: Cao | H14: Đã nạp lại schema.sql rồi seed.sql; đã đăng nhập phucvu01; đơn dh-001 của ban-03 (B03) đang DANG_PHUC_VU, tổng 85.000: ct-001 (Cà phê sữa x2, DANG_LAM), ct-002 (Cà phê đen x1, CHO_PHA_CHE). | I14: ct-002 | J14: HTTP 200. ct-002 chuyển DA_HUY; tongTien = 85.000 − 25.000 = 60.000 (món hủy không tính); món không còn hiện trên màn Bếp. | K14: HTTP 200. ct-002 chuyển DA_HUY; tongTien = 85.000 − 25.000 = 60.000 (món hủy không tính); món không còn hiện trên màn Bếp. | L14: Pass | M14: KQ-test\TC-04-03.png
A15: TC-04-04 | B15: UC04 | C15: Sửa số lượng = 1 (biên dưới hợp lệ) | D15: Boundary | E15: BVA (biên dưới = 1) | F15: CD_CapNhat (themMon/suaMon/huyMon); api-contract §3 UC04; BPC T4 | G15: Cao | H15: Đã nạp lại schema.sql rồi seed.sql; đã đăng nhập phucvu01; đơn dh-001 của ban-03 (B03) đang DANG_PHUC_VU, tổng 85.000: ct-001 (Cà phê sữa x2, DANG_LAM), ct-002 (Cà phê đen x1, CHO_PHA_CHE). | I15: ct-002: sửa 1 → 2 (chuẩn bị), sau đó 2 → 1 | J15: Sau bước 3: HTTP 200; soLuong=1; tongTien = 85.000. | K15: Sau bước 3: HTTP 200; soLuong=1; tongTien = 85.000. | L15: Pass
A16: TC-04-05 | B16: UC04 | C16: Sửa số lượng = 99 (biên trên hợp lệ) | D16: Boundary | E16: BVA (biên trên = 99) | F16: CD_CapNhat (themMon/suaMon/huyMon); api-contract §3 UC04; BPC T4 | G16: Cao | H16: Đã nạp lại schema.sql rồi seed.sql; đã đăng nhập phucvu01; đơn dh-001 của ban-03 (B03) đang DANG_PHUC_VU, tổng 85.000: ct-001 (Cà phê sữa x2, DANG_LAM), ct-002 (Cà phê đen x1, CHO_PHA_CHE). | I16: ct-002: số lượng → 99 | J16: HTTP 200. soLuong=99; tongTien = 60.000 + 99×25.000 = 2.535.000. | K16: HTTP 200. soLuong=99; tongTien = 60.000 + 99×25.000 = 2.535.000. | L16: Pass
A17: TC-04-06 | B17: UC04 | C17: Sửa số lượng = 0 | D17: Negative | E17: EP (invalid class: số lượng < 1) | F17: CD_CapNhat (themMon/suaMon/huyMon); api-contract §3 UC04; mã lỗi SO_LUONG_KHONG_HOP_LE | G17: Cao | H17: Đã nạp lại schema.sql rồi seed.sql; đã đăng nhập phucvu01; đơn dh-001 của ban-03 (B03) đang DANG_PHUC_VU, tổng 85.000: ct-001 (Cà phê sữa x2, DANG_LAM), ct-002 (Cà phê đen x1, CHO_PHA_CHE). | I17: ct-002: soLuong = 0 | J17: API: HTTP 400, maLoi=SO_LUONG_KHONG_HOP_LE. Số lượng và tongTien không đổi. | K17: Hệ thống không cho chỉnh số lượng về 0 | L17: Pass
A18: TC-04-07 | B18: UC04 | C18: Sửa số lượng = 100 (vượt biên trên) | D18: Boundary | E18: BVA (ngay trên biên 99) | F18: CD_CapNhat (themMon/suaMon/huyMon); api-contract §3 UC04; mã lỗi SO_LUONG_KHONG_HOP_LE | G18: Cao | H18: Đã nạp lại schema.sql rồi seed.sql; đã đăng nhập phucvu01; đơn dh-001 của ban-03 (B03) đang DANG_PHUC_VU, tổng 85.000: ct-001 (Cà phê sữa x2, DANG_LAM), ct-002 (Cà phê đen x1, CHO_PHA_CHE). | I18: ct-002: soLuong = 100 | J18: HTTP 400, maLoi=SO_LUONG_KHONG_HOP_LE. Số lượng và tongTien không đổi. | K18: Hệ thống không cho chỉnh số lượng về 100 | L18: Pass
A19: TC-04-08 | B19: UC04 | C19: Hủy món đang DANG_LAM bị chặn | D19: Alternative flow | E19: Black-box theo UC Spec (EF: món đã chế biến) | F19: CD_CapNhat (themMon/suaMon/huyMon); api-contract §3 UC04; BPC T4, H3 (ẩn nút hủy) | G19: Cao | H19: Đã nạp lại schema.sql rồi seed.sql; đã đăng nhập phucvu01; đơn dh-001 của ban-03 (B03) đang DANG_PHUC_VU, tổng 85.000: ct-001 (Cà phê sữa x2, DANG_LAM), ct-002 (Cà phê đen x1, CHO_PHA_CHE). ct-001 đang DANG_LAM. | I19: ct-001 | J19: Giao diện ẩn nút "Hủy" với món DANG_LAM. API: HTTP 409, maLoi=MON_DA_CHE_BIEN, message rõ ràng. Món vẫn DANG_LAM; tongTien không đổi. | K19: hệ thống không hiện nút hủy với món đang làm | L19: Pass | N19: [X05]
A20: TC-04-09 | B20: UC04 | C20: Sửa số lượng món đang DANG_LAM bị chặn | D20: Alternative flow | E20: Black-box theo UC Spec (EF: món đã chế biến) | F20: CD_CapNhat (themMon/suaMon/huyMon); api-contract §3 UC04; BPC T4 | G20: Trung | H20: Đã nạp lại schema.sql rồi seed.sql; đã đăng nhập phucvu01; đơn dh-001 của ban-03 (B03) đang DANG_PHUC_VU, tổng 85.000: ct-001 (Cà phê sữa x2, DANG_LAM), ct-002 (Cà phê đen x1, CHO_PHA_CHE). ct-001 đang DANG_LAM. | I20: ct-001: soLuong = 2 | J20: HTTP 409, maLoi=MON_DA_CHE_BIEN. Số lượng và tongTien không đổi. | K20: Màn hình không cho phép thay đổi số lượng khi món đang làm | L20: Pass | M20: KQ-test\TC-04-09.png
A21: TC-04-10 | B21: UC04 | C21: Sửa và hủy món đã DA_XONG bị chặn | D21: Alternative flow | E21: Black-box theo UC Spec (EF: món đã chế biến) | F21: CD_CapNhat (themMon/suaMon/huyMon); api-contract §3 UC04; BPC T4 | G21: Trung | H21: Đã nạp lại schema.sql rồi seed.sql; đã đăng nhập phucvu01; đơn dh-002 của ban-04 (B04) đang HOAN_THANH, gồm ct-003 (Cà phê sữa x2) và ct-004 (Trà đào x1) đều DA_XONG. | I21: ct-003 (thuộc dh-002) | J21: Cả hai: HTTP 409, maLoi=MON_DA_CHE_BIEN. Món vẫn DA_XONG; tongTien không đổi. | K21: Màn hình không cho phép thay đổi số lượng khi món đã xong | L21: Pass | M21: KQ-test\TC-04-10.png
A22: TC-04-11 | B22: UC04 | C22: Gọi thêm món đã hết nguyên liệu | D22: Alternative flow | E22: Black-box theo UC Spec (EF: món hết nguyên liệu) | F22: CD_CapNhat (themMon/suaMon/huyMon); api-contract §3 UC04 (MON_TAM_HET như UC01) | G22: Trung | H22: Đã nạp lại schema.sql rồi seed.sql; đã đăng nhập phucvu01; đơn dh-001 của ban-03 (B03) đang DANG_PHUC_VU, tổng 85.000: ct-001 (Cà phê sữa x2, DANG_LAM), ct-002 (Cà phê đen x1, CHO_PHA_CHE). mon-03 (Bạc xỉu) ở trạng thái TAM_HET. | I22: mon-03 (Bạc xỉu) x1 | J22: Giao diện: món hiện xám, không chọn được. API: HTTP 409, maLoi=MON_TAM_HET. Đơn không thay đổi. | K22: Giao diện: món hiện xám, không chọn được. | L22: Pass | M22: KQ-test\TC-04-11.png
A23: TC-04-12 | B23: UC04 | C23: Cập nhật đơn đã thanh toán bị chặn | D23: Alternative flow | E23: Black-box theo UC Spec (EF: đơn đã thanh toán) | F23: CD_CapNhat (themMon/suaMon/huyMon); api-contract §3 UC04; mã lỗi DON_DA_THANH_TOAN | G23: Trung | H23: Đã nạp lại schema.sql rồi seed.sql; đã đăng nhập phucvu01; dh-003 đã thanh toán. | I23: dh-003; mon-02 (Cà phê sữa) x1; chiTietId ct-005 | J23: Cả ba: HTTP 409, maLoi=DON_DA_THANH_TOAN. Đơn không thay đổi. | K23: Khi bàn đã thanh toán thì tự động chuyển sang cần dọn không cho phép thêm sửa xóa | L23: Pass | M23: KQ-test\TC-04-12.png
A24: TC-08-01 | B24: UC08 | C24: Lập hóa đơn bình thường | D24: Happy path | E24: Functional | F24: UC08 main flow | G24: Cao | H24: Bàn 01 có đơn, các món đã gửi bếp | I24: Bàn = 01 | J24: HTTP 200. Trả về HoaDonDTO: ds món, tổng tiền, giảm giá=0, cần thanh toán=tổng tiền. | L24: Chưa chạy
A25: TC-08-02 | B25: UC08 | C25: Lập hóa đơn cho bàn trống | D25: Negative | E25: EP | F25: UC08 exception | G25: Cao | H25: Bàn 02 chưa có khách (TRONG) | I25: Bàn = 02 | J25: HTTP 400, maloi=BAN_KHONG_CO_DON. Hệ thống chặn. | L25: Chưa chạy
A26: TC-08-03 | B26: UC08 | C26: Lập hóa đơn khi có món chưa gửi | D26: Negative | E26: Functional | F26: UC08 exception | G26: Cao | H26: Bàn 03 có món vừa chọn nhưng CHƯA gửi bếp | I26: Bàn = 03 | J26: HTTP 400, maloi=DON_CHUA_GUI_BEP. | L26: Chưa chạy
A27: TC-08-04 | B27: UC08 | C27: Lập hóa đơn có mã giảm giá | D27: Alternative flow | E27: Functional | F27: UC08 alt flow | G27: Trung | H27: Đơn hàng áp dụng khuyến mãi 10% | I27: giamGia=10 | J27: HTTP 200. HoaDonDTO tính chính xác: Cần thanh toán = Tổng tiền - Giảm giá. | L27: Chưa chạy
A28: TC-08-05 | B28: UC08 | C28: Lập hóa đơn giá trị cực lớn | D28: Boundary | E28: BVA | F28: UC08 boundary | G28: Thấp | H28: Bàn VIP gọi nhiều món | I28: Tổng > 10 triệu | J28: HTTP 200. Giao diện hiển thị không bị tràn, định dạng đúng tiền tệ (VNĐ). | L28: Chưa chạy
A29: TC-08-06 | B29: UC08 | C29: Hiển thị Popup xác nhận thanh toán | D29: Happy path | E29: Functional | F29: UC08 main flow | G29: Cao | H29: Đang xem hóa đơn hợp lệ | I29: N/A | J29: Popup thanh toán hiện ra với đúng tổng tiền cần thu từ HoaDonDTO. | L29: Chưa chạy
A30: TC-10-01 | B30: UC10 | C30: Thanh toán tiền mặt, khách đưa dư tiền (UC10.1) | D30: Happy path | E30: Functional (main flow) | F30: SD_ThanhToan; api-contract §3 UC10 (POST /payments); UC10.1 | G30: Cao | H30: Đã đăng nhập thungan01; đơn dh-002 (ban-04/B04, HOAN_THANH, tổng 100.000, mọi món DA_XONG) chưa thanh toán (vừa nạp lại DB). | I30: donHangId = dh-002; phuongThuc = TIEN_MAT; tienKhachDua = 100.000 + 10.000 = 110.000; maGiaoDich mới | J30: HTTP 200; thanhCong=true; soTienThanhToan=100.000; tienThoi=10.000; trangThaiDon=DA_THANH_TOAN; trangThaiBan=CAN_DON; daXuLyTruoc=false. CSDL: don_hang DA_THANH_TOAN, ban CAN_DON, đúng 1 bản ghi thanh_toan. Giao diện: đóng popup, hiện toast thành công. | K30: HTTP 200; thanhCong=true; soTienThanhToan=100.000; tienThoi=10.000; trangThaiDon=DA_THANH_TOAN; trangThaiBan=CAN_DON; daXuLyTruoc=false. CSDL: don_hang DA_THANH_TOAN, ban CAN_DON, đúng 1 bản ghi thanh_toan. Giao diện: đóng popup, hiện toast thành công. | L30: Pass | M30: KQ-test\TC-10-01.png | N30: Nạp lại schema.sql + seed.sql trước TC này (đơn dh-002 chỉ thanh toán được một lần).
A31: TC-10-02 | B31: UC10 | C31: Tiền khách đưa đúng bằng số cần trả (tiền thối 0) | D31: Boundary | E31: BVA (tienKhachDua = số cần trả) | F31: SD_ThanhToan; api-contract §3 UC10 (POST /payments); BPC T6 (tinhTienThoi) | G31: Cao | H31: Đã đăng nhập thungan01; đơn dh-001 (ban-03/B03, HOAN_THANH, tổng 85.000, mọi món DA_XONG) chưa thanh toán (vừa nạp lại DB). | I31: phuongThuc = TIEN_MAT; tienKhachDua = 85.000; maGiaoDich mới | J31: HTTP 200; thanhCong=true; tienThoi=0; trangThaiDon=DA_THANH_TOAN; trangThaiBan=CAN_DON. | K31: HTTP 200; thanhCong=true; tienThoi=0; trangThaiDon=DA_THANH_TOAN; trangThaiBan=CAN_DON. | L31: Pass | M31: KQ-test\TC-10-02.png | N31: Nạp lại schema.sql + seed.sql trước TC này (đơn dh-002 chỉ thanh toán được một lần).
A32: TC-10-03 | B32: UC10 | C32: Tiền khách đưa thiếu 1.000đ | D32: Boundary | E32: BVA (ngay dưới biên: số cần trả − 1.000) | F32: SD_ThanhToan; api-contract §3 UC10 (POST /payments); mã lỗi TIEN_KHONG_DU | G32: Cao | H32: Đã đăng nhập thungan01; đơn dh-002 (ban-04/B04, HOAN_THANH, tổng 100.000, mọi món DA_XONG) chưa thanh toán (vừa nạp lại DB). | I32: phuongThuc = TIEN_MAT; tienKhachDua = 100.000 − 1.000 = 99.000; maGiaoDich mới | J32: HTTP 400, maLoi=TIEN_KHONG_DU, thông báo "Số tiền khách đưa chưa đủ" hiện dưới ô nhập. Đơn vẫn DANG_PHUC_VU; bàn không đổi; không có bản ghi thanh_toan mới. | K32: HTTP 400, maLoi=TIEN_KHONG_DU, thông báo "Số tiền khách đưa chưa đủ" hiện dưới ô nhập. Đơn vẫn DANG_PHUC_VU; bàn không đổi; không có bản ghi thanh_toan mới. | L32: Pass | M32: KQ-test\TC-10-03.png
A33: TC-10-04 | B33: UC10 | C33: Tiền mặt nhưng thiếu tienKhachDua | D33: Negative | E33: EP (invalid class: thiếu trường bắt buộc) | F33: SD_ThanhToan; api-contract §3 UC10 (POST /payments) (tienKhachDua bắt buộc khi TIEN_MAT) | G33: Trung | H33: Đã đăng nhập thungan01; đơn dh-002 (ban-04/B04, HOAN_THANH, tổng 100.000, mọi món DA_XONG) chưa thanh toán (vừa nạp lại DB). | I33: phuongThuc = TIEN_MAT; không có tienKhachDua; maGiaoDich mới | J33: HTTP 400, maLoi=DU_LIEU_KHONG_HOP_LE. Không ghi dữ liệu nào. | L33: Chưa chạy | N33: Mã lỗi là giả định [X10].
A34: TC-10-05 | B34: UC10 | C34: Phương thức thanh toán không hợp lệ | D34: Negative | E34: EP (invalid class: phuongThuc ngoài tập cho phép) | F34: SD_ThanhToan; api-contract §3 UC10 (POST /payments); mã lỗi PHUONG_THUC_KHONG_HOP_LE | G34: Trung | H34: Đã đăng nhập thungan01; đơn dh-002 (ban-04/B04, HOAN_THANH, tổng 100.000, mọi món DA_XONG) chưa thanh toán (vừa nạp lại DB). | I34: phuongThuc = "THE_TIN_DUNG"; maGiaoDich mới | J34: HTTP 400, maLoi=PHUONG_THUC_KHONG_HOP_LE. Không ghi dữ liệu nào. | L34: Chưa chạy
A35: TC-10-06 | B35: UC10 | C35: Thanh toán QR giả lập (UC10.2) | D35: Happy path | E35: Functional (UC10.2) | F35: SD_ThanhToan; api-contract §3 UC10 (POST /payments); UC10.2 | G35: Cao | H35: Đã đăng nhập thungan01; đơn dh-002 (ban-04/B04, HOAN_THANH, tổng 100.000, mọi món DA_XONG) chưa thanh toán (vừa nạp lại DB). | I35: donHangId = dh-002; phuongThuc = QR; không gửi tienKhachDua; maGiaoDich mới | J35: HTTP 200; thanhCong=true; phuongThuc=QR; trả về maGiaoDich; soTienThanhToan=100.000; trangThaiDon=DA_THANH_TOAN; trangThaiBan=CAN_DON. Không yêu cầu nhập tiền khách đưa. | K35: HTTP 200; thanhCong=true; phuongThuc=QR; trả về maGiaoDich; soTienThanhToan=100.000; trangThaiDon=DA_THANH_TOAN; trangThaiBan=CAN_DON. Không yêu cầu nhập tiền khách đưa. | L35: Pass | M35: KQ-test\TC-10-06.png | N35: Giá trị tienThoi với QR (0 hay null) chưa rõ [X10]. Nạp lại schema.sql + seed.sql trước TC này (đơn dh-002 chỉ thanh toán được một lần).
A36: TC-10-07 | B36: UC10 | C36: Thanh toán đơn đã thanh toán (mã giao dịch khác) | D36: Alternative flow | E36: Black-box theo UC Spec (EF: đơn đã thanh toán) | F36: SD_ThanhToan; api-contract §3 UC10 (POST /payments); mã lỗi DON_DA_THANH_TOAN | G36: Cao | H36: Đã đăng nhập thungan01; dh-003 đã thanh toán. | I36: donHangId = dh-003; phuongThuc = TIEN_MAT; tienKhachDua đủ; maGiaoDich mới (mã đã dùng trong seed: GD-20261008-001) | J36: HTTP 409, maLoi=DON_DA_THANH_TOAN. Không thêm bản ghi thanh_toan; đơn và bàn giữ nguyên. | K36: đơn đã thanh toán thì hệ thống sẽ không hiện nữa | L36: Pass | M36: KQ-test\TC-10-07.png
A37: TC-10-8 | B37: UC10 | C37: Lỗi giữa chừng: rollback cả 3 thao tác ghi | D37: Alternative flow | E37: Black-box theo UC Spec (EF: lỗi hệ thống) | F37: SD_ThanhToan; api-contract §3 UC10 (POST /payments); BPC T6 (3 thao tác ghi trong 1 transaction) | G37: Cao | H37: Đã đăng nhập thungan01; đơn dh-002 (ban-04/B04, HOAN_THANH, tổng 100.000, mọi món DA_XONG) chưa thanh toán (vừa nạp lại DB). Có cách ép một trong 3 thao tác ghi bị lỗi (cách làm do Tuấn xác nhận). | I37: donHangId = dh-002; phuongThuc = TIEN_MAT; tienKhachDua = 100.000 | J37: API trả lỗi (giả định HTTP 500, maLoi=LOI_HE_THONG). Rollback toàn bộ: không có bản ghi thanh_toan mới; đơn vẫn DANG_PHUC_VU; bàn vẫn DANG_PHUC_VU (không có dữ liệu nửa vời). | L37: Chưa chạy | N37: Cách ép lỗi [X07]. Nạp lại schema.sql + seed.sql trước TC này (đơn dh-002 chỉ thanh toán được một lần).
A38: TC-10-09 | B38: UC10 | C38: Nút "Xác nhận" bị khóa khi đang xử lý (chống bấm 2 lần) | D38: Phi chức năng | E38: UI: chống thao tác trùng | F38: BPC H4 (khóa nút khi đang xử lý; maGiaoDich tạo 1 lần mỗi lượt) | G38: Trung | H38: Đã đăng nhập thungan01; đơn dh-002 (ban-04/B04, HOAN_THANH, tổng 100.000, mọi món DA_XONG) chưa thanh toán (vừa nạp lại DB). | I38: phuongThuc = TIEN_MAT; tienKhachDua = 100.000 | J38: Nút bị khóa ngay khi đang xử lý; chỉ 1 request POST /api/payments được gửi (nếu có 2 thì cùng maGiaoDich). CSDL chỉ có 1 bản ghi thanh_toan. Popup đóng, giỏ được xóa, hiện toast thành công. | L38: Chưa chạy | N38: Tên nút theo giao diện của Hậu, cập nhật khi nhận bản 07/10 [X14]. Nạp lại schema.sql + seed.sql trước TC này (đơn dh-002 chỉ thanh toán được một lần).
A39: TC-15-01 | B39: UC15 | C39: Hiển thị đúng thứ tự FIFO | D39: Happy path | E39: Functional | F39: UC15 main flow | G39: Cao | H39: Đã chạy reset_db | I39: 3 Order gửi cách nhau 1 phút | J39: HTTP 200. Màn hình KDS hiển thị 3 thẻ Order xếp đúng thứ tự FIFO (Order A trên cùng). | L39: Chưa chạy
A40: TC-15-02 | B40: UC15 | C40: Hiển thị trạng thái màn hình rỗng | D40: Alternative flow | E40: Functional | F40: UC15 alt flow | G40: Thấp | H40: Quán chưa có order nào | I40: N/A | J40: HTTP 200. Danh sách rỗng, giao diện hiện trạng thái "Chưa có order". | L40: Chưa chạy
A41: TC-15-03 | B41: UC15 | C41: Hiển thị ghi chú đặc biệt | D41: Happy path | E41: Functional | F41: UC15 main flow | G41: Trung | H41: Phục vụ gửi order có ghi chú | I41: "Ít đá, không đường" | J41: HTTP 200. Ghi chú "Ít đá, không đường" được in đậm/nổi bật trên thẻ tương ứng. | L41: Chưa chạy
A42: TC-15-04 | B42: UC15 | C42: Màn hình KDS tự động làm mới | D42: Happy path | E42: Functional | F42: NFR: Realtime | G42: Cao | H42: Màn hình KDS đang mở | I42: N/A | J42: KDS tự động fetch API (mỗi 3s) và hiển thị Order mới không cần tải lại trang F5. | L42: Chưa chạy
A43: TC-15-05 | B43: UC15 | C43: Cảnh báo khi mất kết nối mạng | D43: Negative | E43: Error Guessing | F43: NFR: Resilience | G43: Cao | H43: KDS đang mở | I43: Ngắt mạng | J43: Giao diện hiện toast thông báo "Mất kết nối". | L43: Chưa chạy
A44: TC-16-01 | B44: UC16 | C44: Chuyển trạng thái món hợp lệ | D44: Happy path | E44: Functional | F44: UC16 main flow | G44: Cao | H44: KDS có Order chờ ở CHO_PHA_CHE | I44: N/A | J44: HTTP 200. Trạng thái món chuyển đổi thành công trên giao diện và CSDL sau mỗi lần bấm. | L44: Chưa chạy
A45: TC-16-02 | B45: UC16 | C45: Tự động hoàn thành Order | D45: Happy path | E45: Functional | F45: UC16 main flow | G45: Cao | H45: Order có nhiều món, các món khác đã DA_XONG | I45: N/A | J45: HTTP 200. Trạng thái của toàn bộ Đơn hàng tự động chuyển từ DANG_PHUC_VU sang HOAN_THANH. | L45: Chưa chạy
A46: TC-16-03 | B46: UC16 | C46: Nhảy cóc trạng thái trái phép | D46: Negative | E46: Functional | F46: UC16 exception | G46: Cao | H46: Món đang ở CHO_PHA_CHE | I46: N/A | J46: HTTP 400, maloi=TRANG_THAI_KHONG_HOP_LE. Hệ thống chặn thao tác. | L46: Chưa chạy
A47: TC-16-04 | B47: UC16 | C47: Lùi trạng thái trái phép | D47: Negative | E47: Functional | F47: UC16 exception | G47: Cao | H47: Món đang ở DA_XONG | I47: N/A | J47: HTTP 400. API từ chối cập nhật lùi trái phép. | L47: Chưa chạy | N47: Có thể dùng Postman ép lỗi.
A48: TC-16-05 | B48: UC16 | C48: Thao tác trên món đã bị hủy | D48: Negative | E48: Functional | F48: UC16 exception | G48: Trung | H48: Order có món bị hủy (DA_HUY) | I48: N/A | J48: Giao diện: nút bị khóa. Nếu gọi API thẳng sẽ trả HTTP 400. | L48: Chưa chạy
A49: TC-16-06 | B49: UC16 | C49: Hoàn tác trạng thái món | D49: Alternative flow | E49: Functional | F49: UC16 alt flow | G49: Trung | H49: Món vừa chuyển sang DANG_LAM | I49: N/A | J49: HTTP 200. Trạng thái lùi đúng 1 bước về lại CHO_PHA_CHE. | L49: Chưa chạy
A50: TC-18-01 | B50: UC18 | C50: Cập nhật tồn kho bình thường | D50: Happy path | E50: Functional | F50: UC18 main flow | G50: Cao | H50: Đã chạy reset_db | I50: Tồn kho = 10 | J50: HTTP 200. Hệ thống lưu thành công, món ăn liên quan hiển thị trạng thái đang bán bình thường. | L50: Chưa chạy
A51: TC-18-02 | B51: UC18 | C51: Khóa món tự động khi tồn kho = 0 | D51: Boundary | E51: BVA | F51: UC18 main flow | G51: Cao | H51: Đã chạy reset_db | I51: Tồn kho = 0 | J51: HTTP 200. Các món sử dụng Cà phê tự động khóa (chuyển sang TAM_HET), giao diện chuyển xám. | L51: Chưa chạy | N51: Giá trị biên 0.
A52: TC-18-03 | B52: UC18 | C52: Nhập tồn kho là số âm | D52: Negative | E52: BVA | F52: UC18 exception | G52: Cao | H52: Đã chạy reset_db | I52: Tồn kho = -5 | J52: HTTP 400, maloi=SO_LUONG_KHONG_HOP_LE. Hệ thống chặn cập nhật, thông báo lỗi không được nhập số âm. | L52: Chưa chạy
A53: TC-18-04 | B53: UC18 | C53: Bỏ trống ô nhập tồn kho | D53: Negative | E53: EP | F53: UC18 exception | G53: Trung | H53: Đã chạy reset_db | I53: Tồn kho = rỗng | J53: HTTP 400, maloi=THIEU_THONG_TIN. Hệ thống báo lỗi yêu cầu nhập dữ liệu hợp lệ. | L53: Chưa chạy
A54: TC-18-05 | B54: UC18 | C54: Mở bán lại khi nhập thêm hàng | D54: Alternative flow | E54: Functional | F54: UC18 alt flow | G54: Cao | H54: Món Cà phê đang bị khóa (TAM_HET) | I54: Tồn kho = 50 | J54: HTTP 200. Tồn kho cập nhật, món Cà phê tự động mở bán trở lại. | L54: Chưa chạy | N54: Kiểm tra logic nối với màn gọi món.
A55: TC-21-01 | B55: UC21 | C55: Đăng nhập thành công bằng tài khoản Phục vụ | D55: Happy path | E55: Functional (main flow) | F55: api-contract §3 UC21 (POST /auth/login); UC21 main flow | G55: Cao | H55: Đã nạp lại schema.sql rồi seed.sql; server đang chạy. phucvu01 đang hoạt động, so_lan_sai = 0. | I55: username = phucvu01; password = 123456 | J55: HTTP 200, success=true. data có token, nhanVienId, hoTen, vaiTro=PHUC_VU, trangChu="/tables.html". Giao diện chuyển sang màn Sơ đồ bàn. | K55: Http: 200, success = True, data trả về có token, nhanvienID='nv-001', hoTen="Nguyễn Văn Phục Vụ"vaiTro="PHUC_VU", trangChu="/tables.html". Giao diện chuyển hướng thành công sang màn Sơ đồ bàn | L55: Pass | M55: KQ-test\TC-21-01.png
A56: TC-21-02 | B56: UC21 | C56: Điều hướng đúng màn hình theo vai trò (Barista, Thu ngân, Chủ quán) | D56: Happy path | E56: Functional (main flow) | F56: api-contract §3 UC21 (POST /auth/login); BPC H2 (điều hướng theo vai trò) | G56: Cao | H56: Đã nạp lại schema.sql rồi seed.sql; server đang chạy. | I56: barista01, thungan01, chutquan01 ; mật khẩu 123456 | J56: BARISTA → Màn bếp (KDS). THU_NGAN → POS. CHU_QUAN → trang tổng quan. vaiTro trong response khớp từng tài khoản. | K56: Đăng nhập thành công cả 3 tài khoản và đã điều hướng đúng màn hình của từng tài khoản | L56: Pass | M56: KQ-test\TC-21-02.pdf | N56: Nếu một vai trò sai thì ghi FAIL và nêu rõ vai trò nào trong Actual.
A57: TC-21-03 | B57: UC21 | C57: Đăng nhập với mật khẩu sai | D57: Negative | E57: EP (invalid class: mật khẩu sai) | F57: api-contract §3 UC21 (POST /auth/login); mã lỗi SAI_THONG_TIN | G57: Cao | H57: Đã nạp lại schema.sql rồi seed.sql; server đang chạy. phucvu01 có so_lan_sai = 0. | I57: username = phucvu01; password = "saimatkhau" | J57: HTTP 401, success=false, maLoi=SAI_THONG_TIN. Thông báo chung, không chỉ ra sai ô nào. Ở lại trang đăng nhập, không có token. so_lan_sai của tài khoản tăng thêm 1. | K57: success: false, "data": null, "maLoi": "SAI_THONG_TIN", "message": "Sai tên đăng nhập hoặc mật khẩu" } ở lại trang đăng nhập, solansai có tăng lên 1 và khi đăng nhập đúng thì solansai về lại 0 | L57: Pass | M57: KQ-test\TC-21-03.png
A58: TC-21-04 | B58: UC21 | C58: Đăng nhập với username không tồn tại | D58: Negative | E58: EP (invalid class: username không tồn tại) | F58: api-contract §3 UC21 (POST /auth/login); mã lỗi SAI_THONG_TIN | G58: Trung | H58: Đã nạp lại schema.sql rồi seed.sql; server đang chạy. | I58: username = "khongtontai"; password = "123456" | J58: HTTP 401, maLoi=SAI_THONG_TIN, thông báo giống hệt TC-21-03 (không lộ username có tồn tại hay không). | K58: HTTP 401, maLoi=SAI_THONG_TIN, thông báo giống hệt TC-21-03 (không lộ username có tồn tại hay không). | L58: Pass | M58: KQ-test\TC-21-04.png
A59: TC-21-05 | B59: UC21 | C59: Bỏ trống username hoặc mật khẩu | D59: Negative | E59: EP (invalid class: dữ liệu rỗng) | F59: api-contract §3 UC21 (POST /auth/login); mã lỗi THIEU_THONG_TIN | G59: Cao | H59: Đã nạp lại schema.sql rồi seed.sql; server đang chạy. | I59: (a) username rỗng, password = 123456 (b) username = phucvu01, password rỗng | J59: Lỗi hiện ngay dưới ô còn thiếu; không đăng nhập. | K59: hiển thị lỗi màu đỏ trực tiếp dưới ô input ("Vui lòng nhập tên đăng nhập" / "Vui lòng nhập mật khẩu"), và không tính số lần sai | L59: Pass | M59: KQ-test\TC-21-05.png | N59: Giả định: bỏ trống ô không tính vào so_lan_sai [X03].
A60: TC-21-06 | B60: UC21 | C60: Sai 4 lần liên tiếp: chưa bị khóa, đăng nhập đúng vẫn vào được | D60: Boundary | E60: BVA (ngưỡng khóa = 5; giá trị 4, sát dưới ngưỡng) | F60: api-contract §3 UC21 (POST /auth/login); UC21 EF-1; BPC H2 (sai 5 lần thì khóa) | G60: Cao | H60: Đã nạp lại schema.sql rồi seed.sql; server đang chạy. phucvu01 có so_lan_sai = 0. | I60: 4 lần password sai, sau đó 1 lần password = 123456 | J60: 4 lần đầu: HTTP 401 SAI_THONG_TIN (chưa bị khóa). Lần đăng nhập đúng: HTTP 200, vào Sơ đồ bàn. so_lan_sai về 0. | K60: 4 lần đầu đăng nhập sai vẫn chưa bị khóa đến lần 5 đăng nhập đúng vào đúng màn hình. Và solansai cũng về 0. | L60: Pass | M60: KQ-test\TC-21-06.png | N60: Giả định: đăng nhập đúng thì reset bộ đếm [X02].
A61: TC-21-07 | B61: UC21 | C61: Sai 5 lần liên tiếp: tài khoản bị khóa (EF-1) | D61: Boundary | E61: BVA (ngưỡng khóa = 5) + luồng EF-1 | F61: api-contract §3 UC21 (POST /auth/login); UC21 EF-1; BPC H2 | G61: Cao | H61: Đã nạp lại schema.sql rồi seed.sql; server đang chạy. phucvu01 có so_lan_sai = 0. | I61: 5 lần password sai, sau đó 1 lần password = 123456 | J61: Từ lần sai thứ 5: HTTP 423, maLoi=TAI_KHOAN_BI_KHOA. Lần thứ 6 dù mật khẩu đúng vẫn HTTP 423, không có token. CSDL: nhan_vien.trang_thai = 'BI_KHOA', so_lan_sai ≥ 5. | K61: sai lần thứ 5 tài khoản đã bị khóa với HTTP 423 và lần thứ 6 nhập đúng cũng HTTP 423 | L61: Pass | M61: KQ-test\TC-21-07.png | N61: Nạp lại schema.sql + seed.sql sau TC này. Giả định lần sai thứ 5 đã trả 423 [X02].
A62: TC-21-08 | B62: UC21 | C62: Đăng nhập bằng tài khoản đã bị khóa sẵn trong CSDL | D62: Alternative flow | E62: Black-box theo UC Spec (EF-1) | F62: api-contract §3 UC21 (POST /auth/login); UC21 EF-1 | G62: Thấp | H62: Đã nạp lại schema.sql rồi seed.sql; server đang chạy. blocked01 đã bị khóa trong seed. | I62: username = blocked01; password đúng | J62: HTTP 423, maLoi=TAI_KHOAN_BI_KHOA, thông báo theo báo cáo: "Tài khoản đã bị khóa do nhập sai mật khẩu 5 lần"; không có token. | K62: HTTP 423, maLoi=TAI_KHOAN_BI_KHOA, thông báo theo báo cáo: "Tài khoản đã bị khóa do nhập sai mật khẩu 5 lần"; không có token. | L62: Pass | M62: KQ-test\TC-21-08.png | N62: blocked01 trong seed: trang_thai BI_KHOA, so_lan_sai = 5 [X04].
A63: TC-21-09 | B63: UC21 | C63: Đăng nhập bằng tài khoản bị vô hiệu hóa (EF-2) | D63: Alternative flow | E63: Black-box theo UC Spec (EF-2) | F63: api-contract §3 UC21 (POST /auth/login); UC21 EF-2 | G63: Cao | H63: Đã nạp lại schema.sql rồi seed.sql; server đang chạy. vohieu01 có trang_thai = 'VO_HIEU' (tạo bằng SQL ở sheet "SQL hỗ trợ"). | I63: username = vohieu01; password đúng | J63: HTTP 403, maLoi=TAI_KHOAN_VO_HIEU, thông báo tài khoản bị vô hiệu hóa; không có token. | K63: HTTP 403 Forbidden, thông báo đỏ tài khoản đã bị vô hiệu hóa, vui lòng liên hệ chủ quán | L63: Pass | M63: KQ-test\TC-21-09.png | N63: Chạy SQL tạo tài khoản vohieu01 trước TC này (sheet "SQL hỗ trợ") [X04].
A64: TC-21-10 | B64: UC21 | C64: Gọi API khi chưa đăng nhập | D64: Negative | E64: EP (invalid class: thiếu token) | F64: api-contract §1 (CHUA_DANG_NHAP); BPC H2 (middleware phân quyền) | G64: Thấp | H64: Chưa đăng nhập, không có token. | I64: GET http://localhost:3000/api/menu, không có header Authorization | J64: HTTP 401, success=false, maLoi=CHUA_DANG_NHAP. | K64: HTTP 401 Unauthorized, success=false, maLoi="CHUA_DANG_NHAP", message="Vui lòng đăng nhập". Server chặn thành công truy cập trái phép khi thiếu token Authorization | L64: Pass | M64: KQ-test\TC-21-10.png | N64: Cách gửi token do Hậu chốt [X13].
A65: TC-21-11 | B65: UC21 | C65: Sai vai trò gọi API bị từ chối | D65: Negative | E65: EP (invalid class: vai trò không được phép) | F65: api-contract §2 (POST /payments chỉ THU_NGAN), §1 (KHONG_CO_QUYEN) | G65: Trung | H65: Đã đăng nhập phucvu01, có token vai trò PHUC_VU. | I65: POST /api/payments với header Authorization của PHUC_VU; body hợp lệ tùy ý | J65: HTTP 403, maLoi=KHONG_CO_QUYEN. Không có dữ liệu nào bị thay đổi. | K65: HTTP 403 Forbidden, success=false, maLoi="KHONG_CO_QUYEN", message="Bạn không có quyền thực hiện thao tác này". Hệ thống phân quyền chặt chẽ, chặn thành công khi tài khoản Phuc vu gọi API thanh toán của Thu ngan. Dữ liệu đơn hàng giữ nguyên | L65: Pass | M65: KQ-test\TC-21-11.png | N65: Chưa rõ CHU_QUAN có được gọi API gọi món/thanh toán không [X11].
A66: TC-22-01 | B66: UC22 | C66: Xem danh sách thực đơn (Chủ quán xem được toàn bộ món) | D66: Happy path | E66: Functional (main flow) | F66: UC22 Main Flow (bước 1); GET /api/menu-items | G66: Cao | H66: Đã nạp lại schema.sql rồi seed.sql; server đang chạy; đã đăng nhập tài khoản chutquan01 (vai trò CHU_QUAN). | I66: GET /api/menu-items; Bearer token của chutquan01 | J66: HTTP 200, success=true. data chứa danh sách tất cả các món ăn gồm: id, tenMon, gia, trangThai (CON_HANG, TAM_HET). Bảng thực đơn trên giao diện hiển thị đầy đủ các món. | K66: HTTP 200, success=true, trả về đầy đủ danh sách món kèm đơn giá và trạng thái bán. Giao diện vẽ bảng thực đơn chính xác. | L66: Pass | N66: Khớp TC-22-01 trong tests/uc22.test.js
A67: TC-22-02 | B67: UC22 | C67: Thêm món mới hợp lệ thành công (tên được chuẩn hóa bỏ khoảng trắng thừa) | D67: Happy path | E67: Functional (main flow) | F67: UC22 Main Flow (bước 2-6); POST /api/menu-items | G67: Cao | H67: Đã đăng nhập chutquan01 (vai trò CHU_QUAN). Món "Cà phê muối" chưa tồn tại trong thực đơn. | I67: POST /api/menu-items; body: { tenMon: " Cà phê muối ", gia: 35000 } | J67: HTTP 201 Created. Tên món được tự động cắt gọn khoảng trắng thừa thành "Cà phê muối", gia = 35000, trangThai mặc định = "CON_HANG". Toast thông báo: "Đã thêm \"Cà phê muối\" vào thực đơn." và danh sách món được cập nhật ngay lập tức. CSDL có bản ghi mới trong bảng mon_an. | K67: Thêm món mới hợp lệ thành công (tên được chuẩn hóa bỏ khoảng trắng thừa) | L67: Pass | M67: KQ-test\TC-22-02.png
A68: TC-22-03 | B68: UC22 | C68: Thêm món với tên trống hoặc chỉ chứa khoảng trắng (EF-1) | D68: Negative | E68: EP (invalid class: tên món rỗng / toàn khoảng trắng) | F68: UC22 EF-1; POST /api/menu-items; mã lỗi TEN_MON_TRONG | G68: Cao | H68: Đã đăng nhập chutquan01 (vai trò CHU_QUAN). Server đang chạy. | I68: (a) tenMon = "", gia = 35000 (b) tenMon = " ", gia = 35000 (c) tenMon = undefined / null | J68: Giao diện: Hiển thị lỗi màu đỏ "Vui lòng nhập tên món" dưới ô tên món, focus về ô tên món. API: HTTP 400 Bad Request, success=false, maLoi=TEN_MON_TRONG. Không ghi dữ liệu vào CSDL. | K68: Giao diện: Hiển thị lỗi màu đỏ "Vui lòng nhập tên món" dưới ô tên món, focus về ô tên món. API: HTTP 400 Bad Request, success=false, maLoi=TEN_MON_TRONG. Không ghi dữ liệu vào CSDL. | L68: Pass | M68: KQ-test\TC-22-03.png
A69: TC-22-04 | B69: UC22 | C69: Thêm món với tên vượt quá 100 ký tự (EF-2) | D69: Boundary | E69: BVA (ngay trên biên 100 ký tự: 101 ký tự) | F69: UC22 EF-2; POST /api/menu-items; mã lỗi TEN_MON_QUA_DAI | G69: Trung | H69: Đã đăng nhập chutquan01 (vai trò CHU_QUAN). Server đang chạy. | I69: tenMon = chuỗi 101 ký tự "A" ("A"×101), gia = 35000 | J69: Giao diện: Thuộc tính maxlength="100" ngăn người dùng nhập quá 100 ký tự. API: HTTP 400 Bad Request, success=false, maLoi=TEN_MON_QUA_DAI, message="Tên món tối đa 100 ký tự". Không lưu CSDL. | K69: Giao diện chỉ cho phép người dùng nhập giới hạn 100 ký tự không cho nhập hơn. | L69: Pass | M69: KQ-test\TC-22-04.png
A70: TC-22-05 | B70: UC22 | C70: Thêm món trùng tên đã có trong thực đơn (không phân biệt hoa thường) (EF-3) | D70: Alternative flow | E70: Black-box theo UC Spec (EF-3) | F70: UC22 EF-3; POST /api/menu-items; mã lỗi TEN_MON_DA_TON_TAI | G70: Cao | H70: Đã đăng nhập chutquan01 (vai trò CHU_QUAN). Món "Cà phê đen" đã có sẵn trong thực đơn. | I70: tenMon = "CÀ PHÊ ĐEN" (viết hoa toàn bộ), gia = 30000 | J70: HTTP 409 Conflict, success=false, maLoi=TEN_MON_DA_TON_TAI, message="Món \"Cà phê đen\" đã có trong thực đơn". Không tạo bản ghi trùng lặp trong CSDL. | K70: HTTP 409 Conflict, success=false, maLoi=TEN_MON_DA_TON_TAI, message="Món \"Cà phê đen\" đã có trong thực đơn". Không tạo bản ghi trùng lặp trong CSDL. | L70: Pass | M70: KQ-test\TC-22-05.png
A71: TC-22-06 | B71: UC22 | C71: Giá món ở biên hợp lệ (1 đồng và 10.000.000 đồng) | D71: Boundary | E71: BVA (biên dưới = 1; biên trên = 10.000.000) | F71: UC22 Main Flow; POST /api/menu-items; BVA giá hợp lệ | G71: Cao | H71: Đã đăng nhập chutquan01 (vai trò CHU_QUAN). Server đang chạy. | I71: (a) tenMon = "Món giá 1 đồng", gia = 1 (b) tenMon = "Món giá 10 triệu", gia = 10000000 | J71: HTTP 201 Created cho cả 2 trường hợp. Món được lưu thành công vào CSDL với đúng giá trị biên 1đ và 10.000.000đ. | K71: HTTP 201 Created cho cả 2 trường hợp. Món được lưu thành công vào CSDL với đúng giá trị biên 1đ và 10.000.000đ. | L71: Pass | M71: KQ-test\TC-22-06.png
A72: TC-22-07 | B72: UC22 | C72: Giá món không hợp lệ: 0, số âm, vượt 10 triệu, số thập phân, chuỗi, null (EF-4) | D72: Negative | E72: EP + BVA (invalid class & ngoài biên) | F72: UC22 EF-4; POST /api/menu-items; mã lỗi GIA_KHONG_HOP_LE | G72: Cao | H72: Đã đăng nhập chutquan01 (vai trò CHU_QUAN). Server đang chạy. | I72: Thử các trường hợp gia: (a) gia = 0 (b) gia = -1000 (c) gia = 10000001 (d) gia = 1500.5 (e) gia = "35000" (f) gia = null | J72: Giao diện: Báo lỗi "Giá phải là số nguyên từ 1 đến 10.000.000 đồng" dưới ô giá. API: HTTP 400 Bad Request, success=false, maLoi=GIA_KHONG_HOP_LE. Không lưu vào CSDL.
A73: TC-22-08 | B73: UC22 | C73: Sửa giá món có sẵn trong thực đơn (AF-1) | D73: Alternative flow | E73: Black-box theo UC Spec (AF-1) | F73: UC22 AF-1; PATCH /api/menu-items/:id; capNhatGia | G73: Cao | H73: Đã đăng nhập chutquan01 (vai trò CHU_QUAN). Món "Cà phê đen" (mon-01) đang có giá 25.000đ. | I73: PATCH /api/menu-items/mon-01; body: { gia: 28000 } | J73: HTTP 200 OK. CSDL cập nhật mon_an.gia = 28000, trạng thái giữ nguyên. Giao diện thông báo: "Đã đổi giá \"Cà phê đen\" thành 28.000đ." và cập nhật giá hiển thị.
A74: TC-22-09 | B74: UC22 | C74: Tắt bán (chuyển Tạm hết) và Bật bán lại (chuyển Đang bán) (AF-2) | D74: Alternative flow | E74: Black-box theo UC Spec (AF-2) | F74: UC22 AF-2; PATCH /api/menu-items/:id; capNhatTrangThai | G74: Cao | H74: Đã đăng nhập chutquan01 (vai trò CHU_QUAN). mon-01 đang "CON_HANG", mon-03 đang "TAM_HET". | I74: (a) PATCH /api/menu-items/mon-01 với { trangThai: "TAM_HET" } (b) PATCH /api/menu-items/mon-03 với { trangThai: "CON_HANG" } | J74: HTTP 200 OK cho cả 2 thao tác: (a) mon-01 chuyển sang TAM_HET, nhãn đổi "Tạm hết", nút đổi "Bật bán". Màn hình Phục vụ hiện món màu xám, nút "+ Thêm" bị vô hiệu hóa. (b) mon-03 chuyển sang CON_HANG, nhãn đổi "Đang bán", nút đổi "Tắt bán". Màn hình Phục vụ cho phép gọi món bình thường.
A75: TC-22-10 | B75: UC22 | C75: Sửa món không tồn tại trong hệ thống (EF-5) | D75: Negative | E75: EP (invalid class: monId không tồn tại) | F75: UC22 EF-5; PATCH /api/menu-items/:id; mã lỗi MON_KHONG_TON_TAI | G75: Trung | H75: Đã đăng nhập chutquan01 (vai trò CHU_QUAN). Mã mon-99 không tồn tại trong CSDL. | I75: PATCH /api/menu-items/mon-99; body: { gia: 28000 } | J75: HTTP 404 Not Found, success=false, maLoi=MON_KHONG_TON_TAI, message="Không tìm thấy món". Giao diện thông báo lỗi và tự động tải lại danh sách thực đơn.
A76: TC-22-11 | B76: UC22 | C76: Sửa món với dữ liệu rỗng hoặc trạng thái không hợp lệ | D76: Negative | E76: EP (invalid class: trạng thái ngoài ENUM / payload rỗng) | F76: UC22; PATCH /api/menu-items/:id; mã lỗi TRANG_THAI_KHONG_HOP_LE / DU_LIEU_KHONG_HOP_LE | G76: Trung | H76: Đã đăng nhập chutquan01 (vai trò CHU_QUAN). Món mon-01 đang tồn tại. | I76: (a) PATCH /api/menu-items/mon-01; body: { gia: 28000, trangThai: "HET_HANG" } (b) PATCH /api/menu-items/mon-01; body: {} | J76: (a) HTTP 400 Bad Request, maLoi=TRANG_THAI_KHONG_HOP_LE. Không sửa bất kỳ trường nào (kể cả giá gửi kèm). (b) HTTP 400 Bad Request, maLoi=DU_LIEU_KHONG_HOP_LE, message="Không có thông tin cần sửa".
A77: TC-22-12 | B77: UC22 | C77: Gọi API Quản lý menu khi chưa đăng nhập (EF-6 Security) | D77: Negative | E77: EP (invalid class: thiếu Authorization header) | F77: UC22 EF-6; NFR-Security; middleware verifyToken; mã lỗi CHUA_DANG_NHAP | G77: Cao | H77: Chưa đăng nhập, không có token Authorization. | I77: Gọi GET /api/menu-items, POST /api/menu-items, PATCH /api/menu-items/mon-01 không gửi header Authorization | J77: HTTP 401 Unauthorized, success=false, maLoi=CHUA_DANG_NHAP, message="Vui lòng đăng nhập". Hệ thống từ chối mọi yêu cầu và không thay đổi dữ liệu.
A78: TC-22-13 | B78: UC22 | C78: Sai vai trò (Phục vụ, Barista, Thu ngân) gọi API Quản lý menu bị từ chối (EF-6 Security) | D78: Negative | E78: EP (invalid class: vai trò không phải CHU_QUAN) | F78: UC22 EF-6; NFR-Security; middleware requireRole('CHU_QUAN'); mã lỗi KHONG_CO_QUYEN | G78: Cao | H78: Đã đăng nhập với tài khoản vai trò PHUC_VU, BARISTA hoặc THU_NGAN (có token hợp lệ nhưng sai quyền). | I78: Dùng token PHUC_VU / BARISTA / THU_NGAN gọi GET, POST, PATCH /api/menu-items | J78: HTTP 403 Forbidden, success=false, maLoi=KHONG_CO_QUYEN, message="Bạn không có quyền thực hiện thao tác này". Không thêm/sửa món ăn.
A79: TC-22-14 | B79: UC22 | C79: Kiểm tra giữ nguyên trạng thái món khi Chủ quán đã chủ động "Tắt bán" | D79: Alternative flow | E79: Integration Testing (Business Logic Conflict) | F79: UC18 & UC22; POST /api/inventory/:id/restock; KhoHangRepository.js (hàm dongBoTrangThaiMonAn) | G79: Cao | H79: - Món "Cà phê đen" có công thức gồm nguyên liệu "Hạt cà phê Robusta" (tồn kho > 0). - Chủ quán vào trang Quản lý menu, bấm "Tắt bán" món "Cà phê đen" (chuyển sang TAM_HET do quán tạm ngưng phục vụ). | I79: 1. Barista thực hiện nhập thêm kho cho nguyên liệu "Hạt cà phê Robusta": POST /api/inventory/nl-01/restock với { soLuong: 10 }. 2. Kiểm tra lại trạng thái của món "Cà phê đen" trong bảng mon_an và trên menu Phục vụ. | J79: Món "Cà phê đen" vẫn phải giữ nguyên trạng thái TAM_HET vì Chủ quán đã chủ động tắt bán.
A80: TC-24-01 | B80: UC24 | C80: Xem báo cáo doanh thu theo khoảng ngày hợp lệ | D80: Happy path | E80: Functional (main flow) | F80: UC24 Main Flow (bước 1-6); GET /api/reports/revenue | G80: Cao | H80: Đã nạp lại schema.sql rồi seed.sql; đã đăng nhập tài khoản chutquan01 (vai trò CHU_QUAN). Trong khoảng ngày chọn có các đơn hàng thanh toán thành công. | I80: GET /api/reports/revenue?tuNgay=2026-10-10&denNgay=2026-10-12 với Bearer token của chutquan01 | J80: HTTP 200 OK. data trả về gồm: tuNgay, denNgay, soDon, doanhThu, trungBinhDon (làm tròn đến đồng); theoPhuongThuc gồm đủ 2 phương thức TIEN_MAT và QR (kể cả phương thức có doanh thu = 0); theoNgay gồm doanh thu từng ngày; topMon gồm tối đa 5 món bán chạy nhất (không tính món đã hủy).
A81: TC-24-02 | B81: UC24 | C81: Truy vấn dữ liệu tính trọn vẹn mốc thời gian từ 00:00:00 ngày đầu đến trước 00:00:00 ngày sau ngày cuối | D81: Alternative flow | E81: Functional / Boundary | F81: UC24 Main Flow (bước 5); BaoCaoService.layBaoCao | G81: Cao | H81: Đã đăng nhập chutquan01 (vai trò CHU_QUAN). Server đang chạy. | I81: GET /api/reports/revenue?tuNgay=2026-10-10&denNgay=2026-10-12 | J81: Các hàm trong BaoCaoRepository được gọi với khoảng mốc thời gian chuẩn: tuLuc = "2026-10-10 00:00:00" đến denTruoc = "2026-10-13 00:00:00", đảm bảo tính trọn vẹn tất cả giao dịch đến 23:59:59 của ngày kết thúc.
A82: TC-24-03 | B82: UC24 | C82: Biên ngày cuối tháng hoặc cuối năm vẫn cộng mốc giờ chính xác | D82: Boundary | E82: BVA (ranh giới ngày cuối năm 31/12) | F82: UC24; BaoCaoService.vietNgay; BVA ngày | G82: Trung | H82: Đã đăng nhập chutquan01 (vai trò CHU_QUAN). | I82: GET /api/reports/revenue?tuNgay=2026-12-31 (xem báo cáo ngày cuối năm) | J82: HTTP 200 OK. Mốc giờ denTruoc được tính chính xác sang năm mới: "2026-12-31 00:00:00" đến "2027-01-01 00:00:00" (không bị tràn tháng hay lỗi ngày phi lý).
A83: TC-24-04 | B83: UC24 | C83: Không truyền tham số ngày -> Mặc định xem báo cáo ngày hôm nay (AF-2 / Main Flow bước 1) | D83: Alternative flow | E83: Functional (mặc định / AF-2) | F83: UC24 Main Flow (bước 1) & AF-2; GET /api/reports/revenue | G83: Cao | H83: Đã đăng nhập chutquan01 (vai trò CHU_QUAN). | I83: GET /api/reports/revenue (không truyền query param tuNgay, denNgay) | J83: HTTP 200 OK. Hệ thống tự động điền tuNgay = denNgay = ngày hiện tại của máy chủ dạng YYYY-MM-DD và trả về báo cáo của ngày hôm nay.
... A89: TC-24-10 | B89: UC24 | C89: Bỏ trống "Từ ngày" khi xem báo cáo trên giao diện (EF-1) | D89: Negative | E89: EP (invalid class: thiếu trường bắt buộc trên UI) | F89: UC24 EF-1; hàm taiBaoCao() trong bao-cao.js | G89: Trung | H89: Đã đăng nhập chutquan01 (vai trò CHU_QUAN). Mở trang Báo cáo doanh thu. | I89: Xóa trống giá trị ở ô "Từ ngày", nhấn nút "Xem báo cáo" | J89: Giao diện chặn không gửi request lên server. Hiển thị thông báo lỗi màu đỏ: "Vui lòng chọn \"Từ ngày\"." ngay dưới hàng bộ lọc và tự động focus vào ô "Từ ngày".

Sheet Bug Report
A1: Bug ID | B1: Related TC | C1: Mô tả lỗi | D1: Bước tái hiện | E1: Kết quả thực tế | F1: Kết quả mong đợi | G1: Mức độ nghiêm trọng | H1: Người sửa | I1: Trạng thái | J1: Kết quả retest

Sheet Tổng hợp
A1: TỔNG HỢP KẾT QUẢ KIỂM THỬ
A3: UC | B3: Tên UC | C3: Người test | D3: Tổng TC | E3: Đã chạy | F3: PASS | G3: FAIL | H3: Chưa chạy | I3: Tỉ lệ pass (%) | J3: Số bug
A4: UC21 | B4: Đăng nhập hệ thống | C4: Kiệt | D4: =COUNTIF('Test Case'!$B:$B,$A4) -> 11 | E4: =F4+G4 -> 11 | F4: =COUNTIFS('Test Case'!$B:$B,$A4,'Test Case'!$L:$L,"PASS") -> 11 | G4: =COUNTIFS('Test Case'!$B:$B,$A4,'Test Case'!$L:$L,"FAIL") -> 0 | H4: =D4-E4 -> 0 | I4: =IF(E4=0,"-",F4/E4) -> 1 | J4: =COUNTIFS('Bug Report'!$A:$A,"BUG-N5-*",'Bug Report'!$B:$B,"TC-"&RIGHT($A4,2)&"-*") -> 0
A5: UC01 | B5: Tạo và gửi order | C5: Kiệt | D5: =COUNTIF('Test Case'!$B:$B,$A5) -> 10 | E5: =F5+G5 -> 10 | F5: =COUNTIFS('Test Case'!$B:$B,$A5,'Test Case'!$L:$L,"PASS") -> 10 | G5: =COUNTIFS('Test Case'!$B:$B,$A5,'Test Case'!$L:$L,"FAIL") -> 0 | H5: =D5-E5 -> 0 | I5: =IF(E5=0,"-",F5/E5) -> 1 | J5: =COUNTIFS('Bug Report'!$A:$A,"BUG-N5-*",'Bug Report'!$B:$B,"TC-"&RIGHT($A5,2)&"-*") -> 0
A6: UC04 | B6: Cập nhật order (gọi thêm, sửa, hủy món) | C6: Kiệt | D6: =COUNTIF('Test Case'!$B:$B,$A6) -> 12 | E6: =F6+G6 -> 12 | F6: =COUNTIFS('Test Case'!$B:$B,$A6,'Test Case'!$L:$L,"PASS") -> 12 | G6: =COUNTIFS('Test Case'!$B:$B,$A6,'Test Case'!$L:$L,"FAIL") -> 0 | H6: =D6-E6 -> 0 | I6: =IF(E6=0,"-",F6/E6) -> 1 | J6: =COUNTIFS('Bug Report'!$A:$A,"BUG-N5-*",'Bug Report'!$B:$B,"TC-"&RIGHT($A6,2)&"-*") -> 0
A7: UC10 | B7: Thanh toán hóa đơn (UC10.1 tiền mặt, UC10.2 QR giả lập) | C7: Kiệt | D7: =COUNTIF('Test Case'!$B:$B,$A7) -> 9 | E7: =F7+G7 -> 5 | F7: =COUNTIFS('Test Case'!$B:$B,$A7,'Test Case'!$L:$L,"PASS") -> 5 | G7: =COUNTIFS('Test Case'!$B:$B,$A7,'Test Case'!$L:$L,"FAIL") -> 0 | H7: =D7-E7 -> 4 | I7: =IF(E7=0,"-",F7/E7) -> 1 | J7: =COUNTIFS('Bug Report'!$A:$A,"BUG-N5-*",'Bug Report'!$B:$B,"TC-"&RIGHT($A7,2)&"-*") -> 0
A8: UC15 | B8: Hiển thị danh sách đơn hàng (KDS) | C8: Duy | D8: =COUNTIF('Test Case'!$B:$B,$A8) -> 5 | E8: =F8+G8 -> 0 | F8: =COUNTIFS('Test Case'!$B:$B,$A8,'Test Case'!$L:$L,"PASS") -> 0 | G8: =COUNTIFS('Test Case'!$B:$B,$A8,'Test Case'!$L:$L,"FAIL") -> 0 | H8: =D8-E8 -> 5 | I8: =IF(E8=0,"-",F8/E8) -> - | J8: =COUNTIFS('Bug Report'!$A:$A,"BUG-N5-*",'Bug Report'!$B:$B,"TC-"&RIGHT($A8,2)&"-*") -> 0
A9: UC16 | B9: Cập nhật trạng thái chế biến | C9: Duy | D9: =COUNTIF('Test Case'!$B:$B,$A9) -> 6 | E9: =F9+G9 -> 0 | F9: =COUNTIFS('Test Case'!$B:$B,$A9,'Test Case'!$L:$L,"PASS") -> 0 | G9: =COUNTIFS('Test Case'!$B:$B,$A9,'Test Case'!$L:$L,"FAIL") -> 0 | H9: =D9-E9 -> 6 | I9: =IF(E9=0,"-",F9/E9) -> - | J9: =COUNTIFS('Bug Report'!$A:$A,"BUG-N5-*",'Bug Report'!$B:$B,"TC-"&RIGHT($A9,2)&"-*") -> 0
A10: UC18 | B10: Đánh dấu hết nguyên liệu | C10: Duy | D10: =COUNTIF('Test Case'!$B:$B,$A10) -> 5 | E10: =F10+G10 -> 0 | F10: =COUNTIFS('Test Case'!$B:$B,$A10,'Test Case'!$L:$L,"PASS") -> 0 | G10: =COUNTIFS('Test Case'!$B:$B,$A10,'Test Case'!$L:$L,"FAIL") -> 0 | H10: =D10-E10 -> 5 | I10: =IF(E10=0,"-",F10/E10) -> - | J10: =COUNTIFS('Bug Report'!$A:$A,"BUG-N5-*",'Bug Report'!$B:$B,"TC-"&RIGHT($A10,2)&"-*") -> 0
A11: UC08 | B11: Lập hóa đơn | C11: Duy | D11: =COUNTIF('Test Case'!$B:$B,$A11) -> 6 | E11: =F11+G11 -> 0 | F11: =COUNTIFS('Test Case'!$B:$B,$A11,'Test Case'!$L:$L,"PASS") -> 0 | G11: =COUNTIFS('Test Case'!$B:$B,$A11,'Test Case'!$L:$L,"FAIL") -> 0 | H11: =D11-E11 -> 6 | I11: =IF(E11=0,"-",F11/E11) -> - | J11: =COUNTIFS('Bug Report'!$A:$A,"BUG-N5-*",'Bug Report'!$B:$B,"TC-"&RIGHT($A11,2)&"-*") -> 0
A12: TỔNG | B12: Toàn nhóm (8 UC) | D12: =SUM(D4:D11) -> 64 | E12: =SUM(E4:E11) -> 38 | F12: =SUM(F4:F11) -> 38 | G12: =SUM(G4:G11) -> 0 | H12: =SUM(H4:H11) -> 26 | I12: =IF(E12=0,"-",F12/E12) -> 1 | J12: =SUM(J4:J11) -> 0
A14: 1. Theo loại test case
A15: Loại | D15: Tổng TC | E15: PASS | F15: FAIL
A16: Happy path | D16: =COUNTIF('Test Case'!$D:$D,$A16) -> 19 | E16: =COUNTIFS('Test Case'!$D:$D,$A16,'Test Case'!$L:$L,"PASS") -> 10 | F16: =COUNTIFS('Test Case'!$D:$D,$A16,'Test Case'!$L:$L,"FAIL") -> 0
A17: Negative | D17: =COUNTIF('Test Case'!$D:$D,$A17) -> 28 | E17: =COUNTIFS('Test Case'!$D:$D,$A17,'Test Case'!$L:$L,"PASS") -> 10 | F17: =COUNTIFS('Test Case'!$D:$D,$A17,'Test Case'!$L:$L,"FAIL") -> 0
A18: Boundary | D18: =COUNTIF('Test Case'!$D:$D,$A18) -> 16 | E18: =COUNTIFS('Test Case'!$D:$D,$A18,'Test Case'!$L:$L,"PASS") -> 12 | F18: =COUNTIFS('Test Case'!$D:$D,$A18,'Test Case'!$L:$L,"FAIL") -> 0
A19: Alternative flow | D19: =COUNTIF('Test Case'!$D:$D,$A19) -> 24 | E19: =COUNTIFS('Test Case'!$D:$D,$A19,'Test Case'!$L:$L,"PASS") -> 12 | F19: =COUNTIFS('Test Case'!$D:$D,$A19,'Test Case'!$L:$L,"FAIL") -> 0
A20: Phi chức năng | D20: =COUNTIF('Test Case'!$D:$D,$A20) -> 1 | E20: =COUNTIFS('Test Case'!$D:$D,$A20,'Test Case'!$L:$L,"PASS") -> 0 | F20: =COUNTIFS('Test Case'!$D:$D,$A20,'Test Case'!$L:$L,"FAIL") -> 0
A23: 2. Bug theo mức độ nghiêm trọng
A24: Mức độ | D24: Số bug | E24: Đã sửa | F24: Chưa sửa
A25: Critical | D25: =COUNTIFS('Bug Report'!$A:$A,"BUG-N5-*",'Bug Report'!$G:$G,$A25) -> 0 | E25: =COUNTIFS('Bug Report'!$A:$A,"BUG-N5-*",'Bug Report'!$G:$G,$A25,'Bug Report'!$I:$I,"Đã retest đạt") -> 0 | F25: =D25-E25 -> 0
A26: High | D26: =COUNTIFS('Bug Report'!$A:$A,"BUG-N5-*",'Bug Report'!$G:$G,$A26) -> 0 | E26: =COUNTIFS('Bug Report'!$A:$A,"BUG-N5-*",'Bug Report'!$G:$G,$A26,'Bug Report'!$I:$I,"Đã retest đạt") -> 0 | F26: =D26-E26 -> 0
A27: Medium | D27: =COUNTIFS('Bug Report'!$A:$A,"BUG-N5-*",'Bug Report'!$G:$G,$A27) -> 0 | E27: =COUNTIFS('Bug Report'!$A:$A,"BUG-N5-*",'Bug Report'!$G:$G,$A27,'Bug Report'!$I:$I,"Đã retest đạt") -> 0 | F27: =D27-E27 -> 0
A28: Low | D28: =COUNTIFS('Bug Report'!$A:$A,"BUG-N5-*",'Bug Report'!$G:$G,$A28) -> 0 | E28: =COUNTIFS('Bug Report'!$A:$A,"BUG-N5-*",'Bug Report'!$G:$G,$A28,'Bug Report'!$I:$I,"Đã retest đạt") -> 0 | F28: =D28-E28 -> 0
A30: 3. Khung báo cáo kết quả (mẫu C6-D2), điền ở K4 trước 21:00 09/10
A31: Tổng hợp số liệu | B31: ="Đã chạy "&E12&" / "&D12&" TC; PASS "&F12&"; FAIL "&G12&"; tỉ lệ pass "&IF(E12=0,"-",TEXT(F12/E12,"0.0%")) -> Đã chạy 38 / 64 TC; PASS 38; FAIL 0; tỉ lệ pass 100.0%
A32: Lỗi nghiêm trọng nhất
A33: Phân tích nguyên nhân
A34: Hướng sửa (method / file)
A35: Nhận xét về độ bao phủ
